{
  "vs_random_wrapper": {
    "total_games": 50,
    "wins": 16,
    "losses": 7,
    "draws": 27,
    "win_rate": 32.0,
    "loss_rate": 14.000000000000002,
    "agent_scores": {
      "mean": 6.4,
      "std": 7.5099933422074345,
      "min": 0,
      "max": 18,
      "median": 0.0
    },
    "opponent_scores": {
      "mean": 3.06,
      "std": 5.773768266911999,
      "min": 0,
      "max": 17,
      "median": 0.0
    },
    "game_lengths": {
      "mean": 29.3,
      "std": 17.54679457906771,
      "min": 2,
      "max": 60
    },
    "rewards": {
      "mean": 17.311599999999995,
      "std": 34.30578588868064
    },
    "invalid_actions": {
      "mean_per_game": 0.54,
      "total": 27,
      "games_with_invalid": 27
    },
    "raw_agent_scores": [
      9,
      0,
      0,
      0,
      0,
      0,
      8,
      17,
      0,
      14,
      0,
      16,
      0,
      15,
      12,
      15,
      16,
      0,
      0,
      0,
      0,
      15,
      0,
      15,
      0,
      0,
      0,
      0,
      0,
      0,
      13,
      0,
      0,
      17,
      0,
      6,
      17,
      0,
      0,
      16,
      0,
      0,
      0,
      18,
      18,
      15,
      17,
      0,
      15,
      16
    ],
    "raw_opponent_scores": [
      15,
      0,
      0,
      0,
      15,
      0,
      17,
      0,
      0,
      16,
      0,
      1,
      0,
      3,
      17,
      1,
      7,
      0,
      0,
      0,
      0,
      0,
      0,
      0,
      0,
      0,
      0,
      0,
      0,
      0,
      17,
      0,
      0,
      0,
      0,
      15,
      1,
      0,
      0,
      10,
      0,
      0,
      0,
      1,
      0,
      1,
      1,
      0,
      13,
      2
    ],
    "raw_game_lengths": [
      46,
      37,
      24,
      8,
      41,
      4,
      51,
      32,
      8,
      57,
      10,
      53,
      6,
      43,
      60,
      44,
      46,
      13,
      6,
      6,
      4,
      40,
      16,
      35,
      19,
      38,
      16,
      39,
      18,
      39,
      48,
      11,
      2,
      41,
      7,
      50,
      44,
      4,
      28,
      54,
      18,
      24,
      11,
      40,
      40,
      36,
      40,
      10,
      52,
      46
    ]
  },
  "vs_random_agent": {
    "total_games": 50,
    "wins": 2,
    "losses": 0,
    "draws": 48,
    "win_rate": 4.0,
    "loss_rate": 0.0,
    "agent_scores": {
      "mean": 0.04,
      "std": 0.19595917942265428,
      "min": 0,
      "max": 1,
      "median": 0.0
    },
    "opponent_scores": {
      "mean": 0.0,
      "std": 0.0,
      "min": 0,
      "max": 0,
      "median": 0.0
    },
    "game_lengths": {
      "mean": 168.8,
      "std": 71.49489492264466,
      "min": 2,
      "max": 200
    },
    "rewards": {
      "mean": 0.12800000000000034,
      "std": 4.402739147394494
    },
    "invalid_actions": {
      "mean_per_game": 0.16,
      "total": 8,
      "games_with_invalid": 8
    },
    "raw_agent_scores": [
      0,
      0,
      0,
      0,
      0,
      0,
      0,
      0,
      0,
      1,
      0,
      0,
      0,
      0,
      0,
      0,
      0,
      0,
      0,
      0,
      0,
      0,
      0,
      0,
      0,
      0,
      0,
      0,
      0,
      0,
      0,
      0,
      0,
      0,
      0,
      0,
      0,
      1,
      0,
      0,
      0,
      0,
      0,
      0,
      0,
      0,
      0,
      0,
      0,
      0
    ],
    "raw_opponent_scores": [
      0,
      0,
      0,
      0,
      0,
      0,
      0,
      0,
      0,
      0,
      0,
      0,
      0,
      0,
      0,
      0,
      0,
      0,
      0,
      0,
      0,
      0,
      0,
      0,
      0,
      0,
      0,
      0,
      0,
      0,
      0,
      0,
      0,
      0,
      0,
      0,
      0,
      0,
      0,
      0,
      0,
      0,
      0,
      0,
      0,
      0,
      0,
      0,
      0,
      0
    ],
    "raw_game_lengths": [
      200,
      200,
      200,
      200,
      200,
      200,
      200,
      200,
      200,
      200,
      200,
      200,
      200,
      200,
      200,
      200,
      200,
      200,
      200,
      200,
      8,
      2,
      200,
      200,
      200,
      200,
      2,
      6,
      200,
      200,
      200,
      6,
      8,
      200,
      200,
      200,
      200,
      200,
      200,
      200,
      200,
      200,
      200,
      200,
      200,
      6,
      2,
      200,
      200,
      200
    ]
  },
  "vs_greedy": {
    "total_games": 50,
    "wins": 4,
    "losses": 0,
    "draws": 46,
    "win_rate": 8.0,
    "loss_rate": 0.0,
    "agent_scores": {
      "mean": 0.1,
      "std": 0.3605551275463989,
      "min": 0,
      "max": 2,
      "median": 0.0
    },
    "opponent_scores": {
      "mean": 0.0,
      "std": 0.0,
      "min": 0,
      "max": 0,
      "median": 0.0
    },
    "game_lengths": {
      "mean": 168.62,
      "std": 71.90546293571859,
      "min": 1,
      "max": 200
    },
    "rewards": {
      "mean": 0.18619999999999912,
      "std": 4.443156486103094
    },
    "invalid_actions": {
      "mean_per_game": 0.16,
      "total": 8,
      "games_with_invalid": 8
    },
    "raw_agent_scores": [
      0,
      0,
      0,
      0,
      0,
      0,
      0,
      0,
      0,
      0,
      0,
      0,
      0,
      0,
      0,
      0,
      0,
      0,
      0,
      0,
      0,
      0,
      1,
      0,
      0,
      0,
      0,
      0,
      0,
      0,
      0,
      0,
      1,
      0,
      0,
      0,
      0,
      0,
      0,
      0,
      0,
      0,
      0,
      0,
      2,
      0,
      1,
      0,
      0,
      0
    ],
    "raw_opponent_scores": [
      0,
      0,
      0,
      0,
      0,
      0,
      0,
      0,
      0,
      0,
      0,
      0,
      0,
      0,
      0,
      0,
      0,
      0,
      0,
      0,
      0,
      0,
      0,
      0,
      0,
      0,
      0,
      0,
      0,
      0,
      0,
      0,
      0,
      0,
      0,
      0,
      0,
      0,
      0,
      0,
      0,
      0,
      0,
      0,
      0,
      0,
      0,
      0,
      0,
      0
    ],
    "raw_game_lengths": [
      200,
      200,
      200,
      200,
      7,
      4,
      2,
      6,
      200,
      200,
      200,
      200,
      200,
      200,
      6,
      1,
      200,
      200,
      200,
      200,
      200,
      2,
      200,
      200,
      200,
      200,
      200,
      3,
      200,
      200,
      200,
      200,
      200,
      200,
      200,
      200,
      200,
      200,
      200,
      200,
      200,
      200,
      200,
      200,
      200,
      200,
      200,
      200,
      200,
      200
    ]
  }
}