{
  "vs_random_wrapper": {
    "total_games": 100,
    "wins": 27,
    "losses": 7,
    "draws": 66,
    "win_rate": 27.0,
    "loss_rate": 7.000000000000001,
    "agent_scores": {
      "mean": 4.79,
      "std": 7.373323538269564,
      "min": 0,
      "max": 22,
      "median": 0.0
    },
    "opponent_scores": {
      "mean": 1.75,
      "std": 4.434805519974918,
      "min": 0,
      "max": 20,
      "median": 0.0
    },
    "game_lengths": {
      "mean": 27.92,
      "std": 14.112179137185018,
      "min": 2,
      "max": 54
    },
    "rewards": {
      "mean": 12.468499999999995,
      "std": 33.34188915988415
    },
    "invalid_actions": {
      "mean_per_game": 0.66,
      "total": 66,
      "games_with_invalid": 66
    },
    "raw_agent_scores": [
      16,
      0,
      18,
      0,
      17,
      0,
      0,
      16,
      0,
      0,
      0,
      0,
      0,
      0,
      0,
      0,
      0,
      0,
      15,
      0,
      15,
      0,
      0,
      0,
      16,
      0,
      0,
      16,
      15,
      0,
      17,
      15,
      8,
      15,
      0,
      15,
      0,
      0,
      0,
      0,
      0,
      15,
      0,
      0,
      0,
      0,
      11,
      0,
      18,
      0,
      0,
      15,
      16,
      4,
      0,
      16,
      0,
      0,
      0,
      0,
      0,
      0,
      0,
      22,
      0,
      0,
      0,
      0,
      18,
      0,
      0,
      0,
      0,
      17,
      16,
      0,
      19,
      0,
      20,
      16,
      0,
      0,
      17,
      0,
      0,
      0,
      0,
      0,
      0,
      16,
      7,
      0,
      2,
      0,
      0,
      0,
      0,
      0,
      0,
      0
    ],
    "raw_opponent_scores": [
      0,
      0,
      1,
      0,
      1,
      0,
      0,
      5,
      0,
      0,
      0,
      0,
      0,
      0,
      0,
      0,
      0,
      0,
      2,
      0,
      8,
      0,
      0,
      0,
      6,
      0,
      0,
      0,
      4,
      0,
      2,
      7,
      15,
      0,
      0,
      1,
      0,
      0,
      0,
      0,
      0,
      0,
      0,
      0,
      0,
      15,
      18,
      0,
      1,
      0,
      0,
      0,
      2,
      15,
      0,
      0,
      0,
      20,
      0,
      0,
      0,
      0,
      0,
      3,
      0,
      0,
      0,
      0,
      0,
      0,
      0,
      0,
      0,
      2,
      0,
      0,
      0,
      0,
      14,
      0,
      0,
      0,
      3,
      0,
      0,
      0,
      0,
      0,
      0,
      0,
      15,
      0,
      15,
      0,
      0,
      0,
      0,
      0,
      0,
      0
    ],
    "raw_game_lengths": [
      40,
      28,
      37,
      29,
      41,
      18,
      21,
      49,
      25,
      3,
      6,
      47,
      11,
      4,
      26,
      41,
      9,
      32,
      36,
      22,
      46,
      24,
      30,
      2,
      47,
      24,
      6,
      42,
      44,
      40,
      39,
      41,
      43,
      37,
      5,
      36,
      38,
      10,
      15,
      28,
      23,
      39,
      4,
      15,
      30,
      31,
      50,
      13,
      41,
      34,
      6,
      30,
      40,
      51,
      18,
      31,
      27,
      41,
      15,
      38,
      39,
      6,
      27,
      49,
      21,
      20,
      36,
      38,
      33,
      38,
      4,
      31,
      17,
      45,
      37,
      15,
      27,
      38,
      53,
      33,
      38,
      35,
      47,
      6,
      19,
      3,
      21,
      34,
      5,
      37,
      54,
      24,
      35,
      32,
      13,
      15,
      4,
      30,
      30,
      4
    ]
  },
  "vs_random_agent": {
    "total_games": 100,
    "wins": 7,
    "losses": 14,
    "draws": 79,
    "win_rate": 7.000000000000001,
    "loss_rate": 14.000000000000002,
    "agent_scores": {
      "mean": 1.99,
      "std": 4.704242765844467,
      "min": 0,
      "max": 17,
      "median": 0.0
    },
    "opponent_scores": {
      "mean": 2.81,
      "std": 5.814972054962947,
      "min": 0,
      "max": 19,
      "median": 0.0
    },
    "game_lengths": {
      "mean": 21.32,
      "std": 14.53814293505192,
      "min": 2,
      "max": 50
    },
    "rewards": {
      "mean": -1.9482000000000006,
      "std": 19.477533641608733
    },
    "invalid_actions": {
      "mean_per_game": 0.79,
      "total": 79,
      "games_with_invalid": 79
    },
    "raw_agent_scores": [
      0,
      0,
      0,
      0,
      0,
      15,
      0,
      0,
      0,
      0,
      16,
      0,
      0,
      10,
      0,
      6,
      0,
      0,
      0,
      0,
      2,
      0,
      0,
      0,
      0,
      15,
      0,
      0,
      0,
      0,
      0,
      0,
      0,
      0,
      5,
      0,
      0,
      0,
      0,
      13,
      0,
      0,
      0,
      0,
      0,
      0,
      0,
      0,
      0,
      1,
      0,
      0,
      0,
      0,
      0,
      0,
      0,
      0,
      0,
      0,
      7,
      0,
      0,
      1,
      0,
      0,
      0,
      15,
      7,
      16,
      17,
      0,
      17,
      14,
      0,
      0,
      0,
      6,
      0,
      13,
      0,
      0,
      0,
      0,
      0,
      0,
      0,
      0,
      0,
      0,
      0,
      0,
      0,
      0,
      0,
      0,
      0,
      3,
      0,
      0
    ],
    "raw_opponent_scores": [
      0,
      0,
      0,
      0,
      0,
      3,
      0,
      0,
      0,
      0,
      12,
      0,
      0,
      18,
      0,
      15,
      0,
      0,
      0,
      0,
      19,
      0,
      0,
      0,
      0,
      9,
      0,
      0,
      0,
      0,
      0,
      0,
      0,
      0,
      15,
      0,
      0,
      0,
      0,
      16,
      0,
      0,
      0,
      0,
      0,
      0,
      0,
      0,
      0,
      18,
      0,
      0,
      0,
      0,
      0,
      0,
      0,
      0,
      0,
      0,
      15,
      0,
      0,
      15,
      0,
      0,
      0,
      7,
      15,
      13,
      5,
      0,
      7,
      18,
      0,
      0,
      0,
      15,
      0,
      15,
      0,
      0,
      0,
      0,
      0,
      0,
      0,
      0,
      0,
      0,
      0,
      16,
      0,
      0,
      0,
      0,
      0,
      15,
      0,
      0
    ],
    "raw_game_lengths": [
      22,
      4,
      19,
      9,
      18,
      36,
      19,
      4,
      28,
      5,
      50,
      17,
      17,
      49,
      20,
      40,
      12,
      21,
      2,
      6,
      38,
      6,
      2,
      50,
      9,
      46,
      22,
      20,
      14,
      11,
      34,
      8,
      13,
      3,
      49,
      17,
      9,
      14,
      37,
      46,
      7,
      2,
      32,
      20,
      31,
      14,
      15,
      23,
      35,
      42,
      10,
      38,
      23,
      15,
      5,
      4,
      21,
      8,
      11,
      6,
      45,
      16,
      5,
      43,
      12,
      23,
      25,
      41,
      49,
      45,
      49,
      24,
      31,
      45,
      17,
      23,
      2,
      43,
      16,
      42,
      7,
      4,
      28,
      35,
      2,
      20,
      14,
      13,
      17,
      6,
      11,
      35,
      14,
      19,
      6,
      15,
      6,
      36,
      35,
      5
    ]
  },
  "vs_greedy": {
    "total_games": 100,
    "wins": 25,
    "losses": 11,
    "draws": 64,
    "win_rate": 25.0,
    "loss_rate": 11.0,
    "agent_scores": {
      "mean": 4.54,
      "std": 7.1838986629823784,
      "min": 0,
      "max": 21,
      "median": 0.0
    },
    "opponent_scores": {
      "mean": 2.93,
      "std": 5.641373946123409,
      "min": 0,
      "max": 19,
      "median": 0.0
    },
    "game_lengths": {
      "mean": 26.96,
      "std": 16.760620513572878,
      "min": 2,
      "max": 63
    },
    "rewards": {
      "mean": 11.368499999999997,
      "std": 32.33883459171032
    },
    "invalid_actions": {
      "mean_per_game": 0.64,